{"valley_asymmetry": 647.82666015625, "top_eigenvalues": [986212928.0, 106697448.0, 48201948.0], "multiscale_sharpness": {"alpha_0.1": 675215744.0, "alpha_0.01": 402420.46875, "alpha_0.001": 4744.7734375}, "alpha_sharpness": 462486688.0}