{"valley_asymmetry": 327.4940185546875, "top_eigenvalues": [217966608.0, 45855936.0, 37785876.0], "multiscale_sharpness": {"alpha_0.1": 170922240.0, "alpha_0.01": 97182.078125, "alpha_0.001": 788.607666015625}, "alpha_sharpness": 82599440.0}