{"valley_asymmetry": 841.135986328125, "top_eigenvalues": [123488520.0, 48016052.0, 28313444.0], "multiscale_sharpness": {"alpha_0.1": 548213312.0, "alpha_0.01": 868606.125, "alpha_0.001": 7532.00146484375}, "alpha_sharpness": 635405376.0}