{"valley_asymmetry": 871.722900390625, "top_eigenvalues": [49813856.0, 13502474.0, 12655557.0], "multiscale_sharpness": {"alpha_0.1": 30725680.0, "alpha_0.01": 38082.8203125, "alpha_0.001": 239.03884887695312}, "alpha_sharpness": 27707714.0}