{"valley_asymmetry": 1627.9442138671875, "top_eigenvalues": [280787776.0, 29755558.0, 18485044.0], "multiscale_sharpness": {"alpha_0.1": 130403720.0, "alpha_0.01": 76714.109375, "alpha_0.001": 1369.4046630859375}, "alpha_sharpness": 34392176.0}