{"valley_asymmetry": 2794.2060546875, "top_eigenvalues": [762303616.0, 203482256.0, 43014752.0], "multiscale_sharpness": {"alpha_0.1": 190661712.0, "alpha_0.01": 192508.421875, "alpha_0.001": 4324.25732421875}, "alpha_sharpness": 370701952.0}