{"valley_asymmetry": 2437.536865234375, "top_eigenvalues": [262979840.0, 22234606.0, 16521362.0], "multiscale_sharpness": {"alpha_0.1": 83122176.0, "alpha_0.01": 112766.9609375, "alpha_0.001": 811.6567993164062}, "alpha_sharpness": 97134216.0}