{"valley_asymmetry": 2118.543701171875, "top_eigenvalues": [197878528.0, 31419594.0, 26993230.0], "multiscale_sharpness": {"alpha_0.1": 165724128.0, "alpha_0.01": 74593.359375, "alpha_0.001": 1060.636962890625}, "alpha_sharpness": 262182464.0}