{"valley_asymmetry": 465.1206359863281, "top_eigenvalues": [186274896.0, 47486940.0, 16766738.0], "multiscale_sharpness": {"alpha_0.1": 108489480.0, "alpha_0.01": 234231.1875, "alpha_0.001": 547.0953369140625}, "alpha_sharpness": 115701096.0}