{"valley_asymmetry": 6181.7353515625, "top_eigenvalues": [242455504.0, 60692332.0, 57101784.0], "multiscale_sharpness": {"alpha_0.1": 1036855104.0, "alpha_0.01": 2905403.5, "alpha_0.001": 29857.248046875}, "alpha_sharpness": 834876864.0}