{"valley_asymmetry": 684.0316772460938, "top_eigenvalues": [674632896.0, 22380826.0, 20785260.0], "multiscale_sharpness": {"alpha_0.1": 2269443584.0, "alpha_0.01": 5924622.5, "alpha_0.001": 8287.228515625}, "alpha_sharpness": 2084039808.0}