{"valley_asymmetry": 1493.0189208984375, "top_eigenvalues": [485129120.0, 120055952.0, 49760144.0], "multiscale_sharpness": {"alpha_0.1": 333996096.0, "alpha_0.01": 1011629.375, "alpha_0.001": 3319.20166015625}, "alpha_sharpness": 689757120.0}