{"valley_asymmetry": 325.4734802246094, "top_eigenvalues": [618007616.0, 87112704.0, 26006532.0], "multiscale_sharpness": {"alpha_0.1": 595175040.0, "alpha_0.01": 2764014.75, "alpha_0.001": 4544.95751953125}, "alpha_sharpness": 656100224.0}