{"valley_asymmetry": 393.98785400390625, "top_eigenvalues": [269307712.0, 32551590.0, 15643541.0], "multiscale_sharpness": {"alpha_0.1": 94818064.0, "alpha_0.01": 77911.59375, "alpha_0.001": 873.8241577148438}, "alpha_sharpness": 30405102.0}