{"valley_asymmetry": 1339.5791015625, "top_eigenvalues": [57832192.0, 54615272.0, 13288394.0], "multiscale_sharpness": {"alpha_0.1": 553121728.0, "alpha_0.01": 185454.171875, "alpha_0.001": 285.9498596191406}, "alpha_sharpness": 510809760.0}