{"valley_asymmetry": 634.61865234375, "top_eigenvalues": [1037862464.0, 30598498.0, 24481980.0], "multiscale_sharpness": {"alpha_0.1": 885590912.0, "alpha_0.01": 10764718.0, "alpha_0.001": 5260.703125}, "alpha_sharpness": 604350976.0}