{"valley_asymmetry": 239.68380737304688, "top_eigenvalues": [92084720.0, 42775988.0, 27270852.0], "multiscale_sharpness": {"alpha_0.1": 90707760.0, "alpha_0.01": 70111.390625, "alpha_0.001": 461.9290466308594}, "alpha_sharpness": 130447440.0}