{"valley_asymmetry": 1399.468994140625, "top_eigenvalues": [318380096.0, 41331388.0, 26872410.0], "multiscale_sharpness": {"alpha_0.1": 64206920.0, "alpha_0.01": 140992.765625, "alpha_0.001": 1140.9317626953125}, "alpha_sharpness": 133328320.0}