{"valley_asymmetry": 468.9099426269531, "top_eigenvalues": [75238848.0, 12035380.0, 8022927.0], "multiscale_sharpness": {"alpha_0.1": 53638312.0, "alpha_0.01": 26582.193359375, "alpha_0.001": 322.2698669433594}, "alpha_sharpness": 40309284.0}