{"valley_asymmetry": 1624.54833984375, "top_eigenvalues": [1178729856.0, 85475832.0, 55611796.0], "multiscale_sharpness": {"alpha_0.1": 1671778048.0, "alpha_0.01": 430520.84375, "alpha_0.001": 4898.9248046875}, "alpha_sharpness": 892773568.0}