{"valley_asymmetry": 65.69689178466797, "top_eigenvalues": [332425344.0, 37018380.0, 24108548.0], "multiscale_sharpness": {"alpha_0.1": 184565008.0, "alpha_0.01": 241485.03125, "alpha_0.001": 1316.626708984375}, "alpha_sharpness": 191941568.0}