{"valley_asymmetry": 235.9158935546875, "top_eigenvalues": [195515856.0, 43671916.0, 27399726.0], "multiscale_sharpness": {"alpha_0.1": 209380256.0, "alpha_0.01": 867394.375, "alpha_0.001": 665.7754516601562}, "alpha_sharpness": 386987680.0}