{"valley_asymmetry": 260.6737060546875, "top_eigenvalues": [47477368.0, 44633860.0, 30398814.0], "multiscale_sharpness": {"alpha_0.1": 959898880.0, "alpha_0.01": 69189.2578125, "alpha_0.001": 198.32937622070312}, "alpha_sharpness": 550107456.0}