{"valley_asymmetry": 4282.78125, "top_eigenvalues": [159588896.0, 30757902.0, 11539640.0], "multiscale_sharpness": {"alpha_0.1": 801018176.0, "alpha_0.01": 352254.125, "alpha_0.001": 1040.04833984375}, "alpha_sharpness": 527503552.0}