{"valley_asymmetry": 499.58966064453125, "top_eigenvalues": [103077560.0, 38462232.0, 32292270.0], "multiscale_sharpness": {"alpha_0.1": 187363632.0, "alpha_0.01": 128177.46875, "alpha_0.001": 677.97705078125}, "alpha_sharpness": 198896720.0}